id,title,url,category,revision
1,"Is everything we eat associated with cancer? A systematic cookbook review",https://doi.org/10.3945/ajcn.112.047142,biology,"2022-05-25"
2,"Knowing When To Fold `Em: The Science of Poker",https://blogs.scientificamerican.com/cocktail-party-physics/knowing-when-to-fold-em-the-science-of-poker/,games,"2022-05-25"
3,"BBC Future column: The Psychology Of Tetris",https://mindhacks.com/2012/10/29/bbc-future-column-the-psychology-of-tetris/,games,"2022-05-25"
4,"An option value problem from Seinfeld",https://doi.org/10.1111/j.1465-7295.2011.00377.x,tv,"2022-05-25"
5,"List of frivolous political parties",https://en.wikipedia.org/wiki/List_of_frivolous_political_parties,politics,"2022-05-25"
6,"‚ÄúReality‚Äù is constructed by your brain. Here's what that means, and why it matters.",https://www.vox.com/science-and-health/20978285/optical-illusion-science-humility-reality-polarization,psychology,"2022-05-28"
7,"50 Reasons Why Everyone Should Want More Walkable Streets",https://www.fastcompany.com/3062989/50-reasons-why-everyone-should-want-more-walkable-streets,transport,"2022-05-28"
8,"The Scientific 7-Minute Workout",https://www.nytimes.com/interactive/projects/well/workouts/,health,"2022-05-28"
9,"Mental Health Tips feat. Anxiety Wolf",https://ncase.me/mental-health/,health,"2022-05-28"
10,"Hiroshima",https://www.newyorker.com/magazine/1946/08/31/hiroshima,essay,"2022-05-28"
11,"A curated list of awesome articles, websites and resources about mental health in the software industry",https://github.com/dreamingechoes/awesome-mental-health,health,"2022-06-04"
12,"So You Want to Learn Physics‚Ä¶",https://www.susanrigetti.com/physics,physics,"2022-06-04"
13,"A beginner's guide to modern art jazz",https://lukemuehlhauser.com/a-beginners-guide-to-modern-art-jazz/,music,"2022-06-04"
14,"Life is Short",http://paulgraham.com/vb.html,life,"2022-06-04"
15,"The Open-Office Trap",https://www.newyorker.com/business/currency/the-open-office-trap,work,"2022-06-04"
16,"What Should You Do with Your Life? Directions and Advice",https://guzey.com/personal/what-should-you-do-with-your-life/,life,"2022-06-04"
17,"I Thought I Would Have Accomplished a Lot More Today and Also by the Time I Was Thirty-Five",https://www.newyorker.com/humor/daily-shouts/i-thought-i-would-have-accomplished-a-lot-more-today-and-also-by-the-time-i-was-thirty-five,life,"2022-06-04"
18,"What Really Happened to Malaysia‚Äôs Missing Airplane",https://www.theatlantic.com/magazine/archive/2019/07/mh370-malaysia-airlines/590653/,essay,"2022-06-23"
19,"How to write in plain English",http://www.plainenglish.co.uk/how-to-write-in-plain-english.html,english,"2022-06-23"
20,"What can a technologist do about climate change?",http://worrydream.com/ClimateChange/,climate,"2022-06-23"
21,"A Guide to Climate Change",https://neilkakkar.com/climate-change.html,climate,"2022-06-23"
22,"Pollution",https://patrickcollison.com/pollution,climate,"2022-06-23"
23,"Programmer Competency Matrix",https://sijinjoseph.com/programmer-competency-matrix/,programming,"2022-06-23"
24,"The Tyler Ransom Production Function",https://tyleransom.medium.com/the-tyler-ransom-production-function-443cff1fe588,work,"2022-06-23"
25,"Guide to securing and improving privacy on macOS",https://github.com/drduh/macOS-Security-and-Privacy-Guide,privacy,"2022-06-23"
26,"The economics of the Tour de France",https://thehustle.co/the-economics-of-the-tour-de-france/,sport,"2022-06-23"
27,"Why Do Tennis Crowds Have to Be So Quiet?",https://www.atlasobscura.com/articles/why-are-tennis-crowds-quiet,sport,"2022-06-23"
28,"How Nespresso's coffee revolution got ground down",https://www.theguardian.com/food/2020/jul/14/nespresso-coffee-capsule-pods-branding-clooney-nestle-recycling-environment,food,"2022-06-23"
29,"Tea Reviews",https://www.gwern.net/reviews/Tea,food,"2022-06-23"
30,"Refrigerator safety study: Case study analysis",https://doi.org/10.1177/1747016113489934,ethics,"2022-06-23"
31,"Stanley Milgram and the uncertainty of evil",https://www.bostonglobe.com/ideas/2013/09/28/stanley-milgram-and-uncertainty-evil/qUjame9xApiKc6evtgQRqN/story.html,psychology,"2022-06-23"
32,"Electric Schlock: Did Stanley Milgram's Famous Obedience Experiments Prove Anything?",https://psmag.com/social-justice/electric-schlock-65377,psychology,"2022-06-23"
33,"Who Did J.K. Rowling Become?",https://www.vulture.com/article/who-did-j-k-rowling-become.html,books,"2022-06-23"
34,"The economics of Christmas trees",https://thehustle.co/the-economics-of-christmas-trees/,economics,"2022-06-23"
35,"The economics of vending machines",https://thehustle.co/the-economics-of-vending-machines/,economics,"2022-06-23"
36,"How To Understand Things",https://nabeelqu.co/understanding,reasoning,"2022-06-23"
37,"In 40 tweets I will describe 40 powerful concepts for understanding the world",https://twitter.com/g_s_bhogal/status/1225561131122597896,reasoning,"2022-06-23"
38,"Here are 50 ideas that shape my worldview",https://twitter.com/david_perell/status/1259597720752291841,reasoning,"2022-06-23"
39,"On The Exciting Subject Of Earwax And Unsupported Medical Arguments",https://www.residentcontrarian.com/p/on-the-exciting-subject-of-earwax,health,"2022-06-23"
40,"The real David Attenborough",https://www.theguardian.com/tv-and-radio/2019/oct/22/david-attenborough-climate-change-bbc,essay,"2022-06-23"
41,"The UX of LEGO Interface Panels",https://interactionmagic.com/UX-LEGO-Interfaces,design,"2022-06-23"
42,"Research Ethics Timeline",https://www.niehs.nih.gov/research/resources/bioethics/timeline/index.cfm,ethics,"2022-07-01"
43,"Memos",https://sriramk.com/memos,business,"2022-06-23"
44,"The Observer Effect ‚Äì Daniel Ek",https://www.theobservereffect.org/daniel.html,business,"2022-06-23"
45,"Bastion forts around the world",https://twitter.com/xruiztru/status/1264480689413636096,architecture,"2022-06-23"
46,"My top 12 favourite perceptual illusions",https://twitter.com/SteveStuWill/status/1050345335145422849,psychology,"2022-06-23"
47,"4-2: The History of Super Mario Bros.' Most Infamous Level",https://www.youtube.com/watch?v=i1AHCaokqhg,games,"2022-06-23"
48,"Exploring the Sonic Cocktail of Beastie Boys' PAUL'S BOUTIQUE",https://www.youtube.com/watch?v=W-z4MpMxS8g,music,"2022-06-23"
49,"Akira Kurosawa - Composing Movement",https://www.youtube.com/watch?v=doaQC-S8de8,movies,"2022-06-23"
50,"BOOKSTORES: How to Read More Books in the Golden Age of Content",https://www.youtube.com/watch?v=lIW5jBrrsS0,books,"2022-06-23"
51,"How The Shawshank Redemption Humanizes Prisoners",https://www.youtube.com/watch?v=rhGJ5SmSE2o,movies,"2022-06-23"
52,"Sexual Assault of Men Played for Laughs - Part 1 Male Perpetrators",https://www.youtube.com/watch?v=uc6QxD2_yQw,movies,"2022-06-23"
53,"Van Gogh's Ugliest Masterpiece",https://www.youtube.com/watch?v=nKNAZr0QJzs,art,"2022-06-23"
54,"The Art Of Sci-Fi Book Covers",https://www.youtube.com/watch?v=M7Qm_UJML54,books,"2022-06-23"
55,"This Is What a "Second-Person" Video Game Would Look Like",https://www.youtube.com/watch?v=mC8QoRa8y_Q,games,"2022-06-23"
56,"The psychology of torture",https://aeon.co/essays/is-it-time-to-stop-doing-any-more-milgram-experiments,psychology,"2022-06-25"
57,"96 hour No-Sleep Challenge",https://mattlakeman.org/2020/05/11/96-hour-no-sleep-challenge/,health,"2022-06-25"
58,"A Brief History of Word Games",https://www.theparisreview.org/blog/2020/03/23/a-brief-history-of-word-games/,games,"2022-06-25"
59,"This Is Why Your Holiday Travel Is Awful",https://www.politico.com/amp/news/magazine/2019/11/29/penn-station-robert-caro-073564,travel,"2022-06-25"
60,"The Problem With ‚ÄòHey Guys‚Äô",https://www.theatlantic.com/family/archive/2018/08/guys-gender-neutral/568231/,english,"2022-06-25"
61,"Pain & Gain",https://www.miaminewtimes.com/news/pain-and-gain-6396870,essay,"2022-06-25"
62,"We Need To Take CO2 Out Of The Sky",https://www.orbuch.com/carbon-removal/,climate,"2022-06-25"
63,"A Pretty-Good Mathematical Model of Perfectionism",https://jessegalef.com/2020/08/09/a-pretty-good-mathematical-model-of-perfectionism/,work,"2022-06-25"
64,"How I work",http://www.princeton.edu/~pkrugman/howiwork.html,work,"2022-06-25"
65,"What if it‚Äôs a big hoax and we create a better world for nothing?",https://www.gocomics.com/joelpett/2009/12/13,climate,"2022-06-25"
66,"A Beginner's Garden of Chess Openings",https://dwheeler.com/chess-openings/,chess,"2022-06-25"
67,"Drink Me: The Kremlin‚Äôs Long, Evil History of Poisoning Its Enemies",https://newlinesmag.com/essays/drink-me-the-kremlins-long-evil-history-of-poisoning-its-enemies/,Russia,"2022-06-25"
68,"Good sleep, good learning, good life","https://supermemo.guru/wiki/Good_sleep,_good_learning,_good_life",health,"2022-06-25"
69,"64 Reasons To Celebrate Paul McCartney",https://ianleslie.substack.com/p/64-reasons-to-celebrate-paul-mccartney,music,"2022-06-25"
70,"The Making of ‚ÄúThe Godfather‚Äù‚ÄîSort of a Home Movie",http://www.thestacksreader.com/the-making-of-the-godfather-sort-of-a-home-movie/,movies,"2022-06-25"
71,"The Big Here and Long Now",https://longnow.org/essays/big-here-long-now/,essay,"2022-06-25"
72,"Anticipatory Procrastination",https://pages.cs.wisc.edu/~elder/stuff/ant-proc.pdf,work,"2022-06-25"
73,"Trading time for money",https://nicolasbouliane.com/blog/trading-time-for-money,work,"2022-06-25"
74,"Radical Jokes",https://web.archive.org/web/20180101064057/https://www.nyu.edu/projects/ollman/docs/jokes_content.php,economics,"2022-06-25"
75,"How To F#‚Ç¨k Up An Airport",https://www.radiospaetkauf.com/ber/,podcast,"2022-06-25"
76,"My year in data",https://samplesize.one/blog/posts/my_year_in_data/,life,"2022-06-25"
77,"Games on GitHub",https://github.com/leereilly/games,games,"2022-06-25"
78,"A Data-Driven Guide to Effective Personal Climate Action",https://erikareinhardt.com/personal-climate-action,climate,"2022-07-01"
79,"Why Do We Keep Reading The Great Gatsby?",https://www.theparisreview.org/blog/2021/01/11/why-do-we-keep-reading-the-great-gatsby/,books,"2022-07-01"
80,"Beatport‚Äôs Definitive History of Techno",https://www.beatportal.com/features/beatports-definitive-guide-to-techno/,music,"2022-07-01"
81,"James Bond Movies Ranked: The Absolute Best of Bond",https://www.cnet.com/culture/entertainment/james-bond-movies-ranked-the-absolute-best-of-bond/,movies,"2022-07-01"
82,"How Long Does a Bottle of Wine Last After It Is Opened?",https://www.vinography.com/2020/12/how-long-does-a-bottle-of-wine-last-after-it-is-opened,food,"2022-07-01"
83,"Il Maestro: Federico Fellini and the lost magic of cinema",https://harpers.org/archive/2021/03/il-maestro-federico-fellini-martin-scorsese/,movies,"2022-07-01"
84,"The Making Of: Dust 2",https://www.johnsto.co.uk/design/making-dust2/,games,"2022-07-01"
85,"Map of my personal data infrastructure",https://beepb00p.xyz/myinfra.html,life,"2022-07-01"
86,"Revising the Canon: How Andy Warhol Became the Most Important American Modern Artist",https://papers.ssrn.com/sol3/papers.cfm?abstract_id=3778740,art,"2022-07-01"
87,"What do you want to cook?",https://based.cooking/,food,"2022-07-01"
88,"How a Publicity Blitz Created The Myth of Subliminal Advertising",http://www.repiev.ru/doc/subliminal.pdf,psychology,"2022-07-01"
89,"The moving sofa problem",https://www.math.ucdavis.edu/~romik/movingsofa/,physics,"2022-07-01"
90,"50 tips to improve user interface",https://fifty.user-interface.io/50_ui_tips.pdf,design,"2022-07-01"
91,"What I learnt roasting 200 landing pages in 12 months",https://blog.roastmylandingpage.com/landing-page-roasts/,design,"2022-07-01"
92,"Dark Patterns at Scale: Findings from a Crawl of 11K Shopping Websites",https://webtransparency.cs.princeton.edu/dark-patterns/,design,"2022-07-01"
93,"The documentation system",https://documentation.divio.com/,technology,"2022-07-01"
94,"Why I Still Use RSS",https://atthis.link/blog/2021/rss.html,technology,"2022-07-01"
95,"A Supercut of Supercuts: Aesthetics, Histories, Databases",http://doi.org/10.16995/os.45,movies,"2022-07-01"
96,"UbuWeb: Film & Video",https://ubu.com/film/,movies,"2022-07-01"
97,"Climate Solutions 101",https://drawdown.org/climate-solutions-101,climate,"2022-07-01"
98,"PSY 1 | Introduction to Psychological Science | Lectures",https://stevenpinker.com/psy-1-introduction-psychological-science-lectures,psychology,"2022-07-01"
99,"A Visual Guide to The Big Lebowski",https://www.fluidencodings.com/projects/big-lebowski/,movies,"2022-07-01"
100,"Louvre site des collections",https://collections.louvre.fr/en/,art,"2022-07-01"
101,"Driven by Compression Progress: A Simple Principle Explains Essential Aspects of Subjective Beauty, Novelty, Surprise, Interestingness, Attention, Curiosity, Creativity, Art, Science, Music, Jokes",https://arxiv.org/abs/0812.4360,reasoning,"2022-07-01"
102,"What does global warming spell for you‚Ä¶ and your loved ones?",https://kontinentalist.com/stories/how-do-boomers-millennials-and-gen-z-feel-global-warming-differently,climate,"2022-07-01"
103,"The 9/11 Pager Leaks",https://www.youtube.com/watch?v=inigBzDU8mw,technology,"2022-07-01"
104,"The 1904 Olympic Marathon May Have Been the Strangest Ever",https://www.smithsonianmag.com/history/the-1904-olympic-marathon-may-have-been-the-strangest-ever-14910747/,sport,"2022-07-01"
105,"Why you should put salaries on your job ads",https://sifted.eu/articles/job-advert-salary-range/,work,"2022-07-01"
106,"Myanmar Burning",https://www.reuters.com/investigates/section/myanmar-rohingya/,essay,"2022-07-01"
107,"Life tips",https://lanekenworthy.net/life-tips/,life,"2022-07-01"
108,"The Art of Command Line",https://github.com/jlevy/the-art-of-command-line,technology,"2022-07-02"
109,"The Ultimate Guide to Inflation",https://www.lynalden.com/inflation/,economics,"2022-07-02"
110,"How will climate change shape climate opinion?",https://iopscience.iop.org/article/10.1088/1748-9326/ab466a,climate,"2022-07-02"
111,"We Should All Be More Afraid of Driving",https://www.theatlantic.com/ideas/archive/2021/05/car-accident/618766/,transport,"2022-07-02"
112,"A decade and a half of instability: The history of Google messaging apps",https://arstechnica.com/gadgets/2021/08/a-decade-and-a-half-of-instability-the-history-of-google-messaging-apps/,technology,"2022-07-02"
113,"Twenty Years Gone: What Bobby McIlvaine Left Behind",https://www.theatlantic.com/magazine/archive/2021/09/twenty-years-gone-911-bobby-mcilvaine/619490/,essay,"2022-07-02"
114,"Burning out and quitting",https://mayakaczorowski.com/blogs/burnout,work,"2022-07-02"
115,"100 Very Short Rules for a Better Life",https://forge.medium.com/100-very-short-rules-for-a-better-life-f7f5191c7586,life,"2022-07-02"
116,"How Flash games shaped the video game industry",https://www.flashgamehistory.com/,games,"2022-07-02"
117,"How I practice at what I do",https://marginalrevolution.com/marginalrevolution/2019/07/how-i-practice-at-what-i-do.html,life,"2022-07-02"
118,"10 Positions Chess Engines Just Don't Understand",https://www.chess.com/article/view/10-positions-chess-engines-just-dont-understand,chess,"2022-07-02"
119,"Hundreds of Ways to Get S#!+ Done‚Äîand We Still Don‚Äôt",https://www.wired.com/story/to-do-apps-failed-productivity-tools/,work,"2022-07-02"
120,"The 25 Most Significant Works of Postwar Architecture",https://www.nytimes.com/2021/08/02/t-magazine/significant-postwar-architecture.html,architecture,"2022-07-02"
121,"Eunoia: Words That Don't Translate",https://eunoia.world/,language,"2022-07-02"
122,"The Hotline Miami Story",https://www.youtube.com/watch?v=ilKzuY9tjyg,games,"2022-07-02"
123,"Unemployment: Models and policies",https://www.pascalmichaillat.org/t1.html,economics,"2022-07-02"
124,"Reversals in psychology",https://www.gleech.org/psych,psychology,"2022-07-02"
125,"Objective or Biased",https://interaktiv.br.de/ki-bewerbung/en/,technology,"2022-07-02"
126,"Place-Based Carbon Calculator",https://www.carbon.place/,climate,"2022-07-02"
127,"The 500 Greatest Songs of All Time",https://www.rollingstone.com/music/music-lists/best-songs-of-all-time-1224767/kanye-west-stronger-1224837/,music,"2022-07-02"
128,"'I'll Finish It This Week' And Other Lies",https://arxiv.org/abs/2103.16574,work,"2022-07-02"
129,"How to Study Mathematics",https://www.math.uh.edu/~dblecher/pf2.html,mathematics,"2022-07-02"
130,"Some observations about life in Denmark vs. life in the US",https://medium.com/@SergeBelongie/some-observations-about-life-in-denmark-vs-life-in-the-us-dd81ca4949a9,Denmark,"2022-07-02"
131,"Through Scandinavia, Darkly: A Criminological Critique of Nordic Noir",https://doi.org/10.1093/bjc/azaa044,tv,"2022-07-02"
132,"User:Emijrp/All Human Knowledge",https://www.wikidata.org/wiki/User:Emijrp/All_Human_Knowledge,knowledge,"2022-07-02"
133,"On the impracticality of a cheeseburger",https://waldo.jaquith.org/blog/2011/12/impractical-cheeseburger/,food,"2022-07-02"
134,"The invisible addiction: is it time to give up caffeine?",https://www.theguardian.com/food/2021/jul/06/caffeine-coffee-tea-invisible-addiction-is-it-time-to-give-up,health,"2022-07-02"
135,"Open Source Alternatives",https://www.btw.so/open-source-alternatives,technology,"2022-07-02"
136,"The most counterintuitive facts in all of mathematics, computer science, and physics",https://axisofordinary.substack.com/p/the-most-counterintuitive-facts-in,mathematics,"2022-07-02"
137,"Halt and Catch Fire Syllabus",https://bits.ashleyblewer.com/halt-and-catch-fire-syllabus/,tv,"2022-07-02"
138,"Into the Fairy Castle: The Persistence of Victorian Liberalism",https://americanaffairsjournal.org/2021/08/into-the-fairy-castle-the-persistence-of-victorian-liberalism/,tv,"2022-07-02"
139,"A Fable of the OC",https://www.econlib.org/library/Columns/y2006/Mungeropportunitycost.html,economics,"2022-07-02"
140,"The PayPal Mafia",https://web.archive.org/web/20180708044946/https://fortune.com/2007/11/13/paypal-mafia/,business,"2022-07-02"
141,"In Praise of Small Menus",https://www.grubstreet.com/2021/06/in-praise-of-small-menus.html,food,"2022-07-02"
142,"Surprising shared word etymologies",https://www.danielde.dev/blog/surprising-shared-word-etymologies/,language,"2022-07-03"
143,"A Beginner‚Äôs Guide to Miles Davis",https://samenright.com/2021/06/06/a-beginners-guide-to-miles-davis/,music,"2022-07-03"
144,"Doc Pop's One-Dimensional Chess",https://docpop.gumroad.com/l/1DChess,chess,"2022-07-03"
145,"Star Trek + Design",https://star-trek.design/,design,"2022-07-03"
146,"Curves and Surfaces",https://ciechanow.ski/curves-and-surfaces/,mathematics,"2022-07-03"
147,"Deep Play? Video Games and the Historical Imaginary",https://doi.org/10.1093/ahr/rhab002,games,"2022-07-03"
148,"History of Grand Theft Auto (1984 ‚Äì 2021)",https://www.youtube.com/watch?v=poKPUS7pu5Y,games,"2022-07-03"
149,"ESL Classics: Rapha vs. Cooller",https://www.youtube.com/watch?v=XdkDjsBiO58,games,"2022-07-03"
150,"Potterian Economics",https://mpra.ub.uni-muenchen.de/76344/1/MPRA_paper_76344.pdf,economics,"2022-07-03"
151,"Why medieval city-builder video games are historically inaccurate",https://www.leidenmedievalistsblog.nl/articles/why-medieval-city-builder-video-games-are-historically-inaccurate,games,"2022-07-03"
152,"List of Aesthetics",https://aesthetics.fandom.com/wiki/List_of_Aesthetics,design,"2022-07-03"
153,"I made a map of Central London museums... there are a lot",https://www.reddit.com/r/london/comments/h8tc2q/i_made_a_map_of_central_london_museums_there_are/,UK,"2022-07-03"
154,"Great Art Explained",https://www.youtube.com/channel/UCePDFpCr78_qmVtpoB1Axaw,art,"2022-07-03"
155,"The Rocks and Minerals of Minecraft",https://www.mindat.org/a/minecraft,games,"2022-07-03"
156,"Why James Bond gets constantly reinvented",https://www.youtube.com/watch?v=WUXGgZL6W7U,movies,"2022-07-03"
157,"Tom‚Äôs Essay",https://web.archive.org/web/20181110011535/https://opinionator.blogs.nytimes.com/2008/09/23/toms-essay/,essay,"2022-07-03"
158,"Read color hex codes",https://metafizzy.co/blog/read-color-hex-codes/,design,"2022-07-08"
159,"An Old Hacker's Tips On Staying Employed",https://madned.substack.com/p/an-old-hackers-tips-on-staying-employed,work,"2022-07-08"
160,"List of common misconceptions",https://en.wikipedia.org/wiki/List_of_common_misconceptions,knowledge,"2022-07-08"
161,"Getting Access to Paywalled Articles",https://jaranta.github.io/getting-access-to-paywalled-articles/,knowledge,"2022-07-08"
162,"Why Mathematics Works So Well",https://arxiv.org/abs/1506.08426,mathematics,"2022-07-08"
163,"Interactive Linear Algebra",https://textbooks.math.gatech.edu/ila/,mathematics,"2022-07-08"
164,"First You Make the Maps",https://www.laphamsquarterly.org/trade-maps/index.html,technology,"2022-07-08"
165,"HATETRIS",https://qntm.org/hatetris,games,"2022-07-08"
166,"How I Experience Web Today",https://how-i-experience-web-today.com/,design,"2022-07-08"
167,"you should ask for more money when you get a job offer. here‚Äôs how.",https://www.askamanager.org/2021/08/ask-for-more-money-with-that-job-offer-heres-how.html,work,"2022-07-08"
168,"The 24 Hour ‚ÄúDo Nothing‚Äù Challenge",https://mattlakeman.org/2020/12/08/the-24-hour-do-nothing-challenge/,life,"2022-07-08"
169,"Programming and Writing",http://antirez.com/news/135,programming,"2022-07-08"
170,"Why are hyperlinks blue?",https://blog.mozilla.org/internet-culture/deep-dives/why-are-hyperlinks-blue/,design,"2022-07-08"
171,"20 Reasons To Quit Social Media",https://durmonski.com/life-advice/reasons-to-quit-social-media/,life,"2022-07-08"
172,"A Layman‚Äôs Guide to Recreational Mathematics Videos",https://samenright.com/2021/08/31/a-laymans-guide-to-recreational-mathematics-videos/,mathematics,"2022-07-08"
173,"One Day‚Äîand One Night‚Äîin the Kitchen at Les Halles",https://www.newyorker.com/magazine/2021/09/06/magazine20000417hells-kitchen,essay,"2022-07-08"
174,"The Fall of The Simpsons: How it Happened",https://www.youtube.com/watch?v=KqFNbCcyFkk,tv,"2022-07-08"
175,"Can you see the Republic of Ireland from England?",https://www.anglezarke.net/can-you-see-the-republic-of-ireland-from-england/,UK,"2022-07-08"
176,"Through Agnes Varda's Looking Glass",https://www.youtube.com/watch?v=NNE-YaIgdzw,movies,"2022-07-08"
177,"Stanley Kubrick, cinephile",https://www2.bfi.org.uk/news-opinion/sight-sound-magazine/polls-surveys/stanley-kubrick-cinephile,movies,"2022-07-08"
178,"The messy business of sand mining explained",https://graphics.reuters.com/GLOBAL-ENVIRONMENT/SAND/ygdpzekyavw/,technology,"2022-07-08"
179,"An Ex-Drinker‚Äôs Search for a Sober Buzz",https://www.newyorker.com/magazine/2021/09/27/an-ex-drinkers-search-for-a-sober-buzz,essay,"2022-07-09"
180,"Field notes: Miami",https://devonzuegel.com/post/field-notes-miami,US,"2022-07-09"
181,"A digital museum of video game levels",https://noclip.website/,games,"2022-07-09"
182,"Mise-en-Place for Knowledge Workers: 6 Practices for Working Clean",https://fortelabs.co/blog/mise-en-place-for-knowledge-workers/,work,"2022-07-09"
183,"Why did men stop wearing high heels?",https://www.bbc.co.uk/news/magazine-21151350,fashion,"2022-07-09"
184,"Why the title of your paper matters",https://www.nature.com/articles/s41562-021-01152-2,writing,"2022-07-09"
185,"The 25 Most Iconic Book Covers in History",https://lithub.com/the-25-most-iconic-book-covers-in-history/,books,"2022-07-09"
186,"Why simplicity works",https://aeon.co/essays/why-is-simplicity-so-unreasonably-effective-at-scientific-explanation,reasoning,"2022-07-09"
187,"Emoji to Scale",https://javier.xyz/emoji-to-scale/,design,"2022-07-09"
188,"Everything You Might Want to Know about Whaling",https://mattlakeman.org/2021/06/01/everything-you-might-want-to-know-about-whaling/,nature,"2022-07-09"
189,"Which Singers Have the Biggest Vocabularies?",https://word.tips/singers-vocabularies/,music,"2022-07-09"
190,"Remarkable Trees Throughout The World",https://mossandfog.com/remarkable-trees-throughout-the-world/,nature,"2022-07-09"
191,"Hollywood Age Gap: The age difference in years between movie love interests",https://hollywoodagegap.com/,movies,"2022-07-09"
192,"The Phrase 'No Evidence' Is A Red Flag For Bad Science Communication",https://astralcodexten.substack.com/p/the-phrase-no-evidence-is-a-red-flag,science,"2022-07-09"
193,"List of lists of lists",https://en.wikipedia.org/wiki/List_of_lists_of_lists,knowledge,"2022-07-09"
194,"The History of Command Palettes: How Typing Commands Became The Norm Again",https://capiche.com/e/consumer-dev-tools-command-palette,programming,"2022-07-09"
195,"A critical behavioural economics and behavioural science reading list",https://www.jasoncollins.blog/a-critical-behavioural-economics-and-behavioural-science-reading-list/,economics,"2022-07-09"
196,"Calculus Made Easy",https://calculusmadeeasy.org/,mathematics,"2022-07-09"
197,"The Complete, Untold History of Halo",https://www.vice.com/en/article/xwqjg3/the-complete-untold-history-of-halo-an-oral-history,games,"2022-07-09"
198,"How Long Does It Take Ordinary People To "Get Good" At Chess?",https://github.com/jcw024/lichess_database_ETL/blob/main/README.md,chess,"2022-07-09"
199,"Why skyscrapers are so short",https://www.worksinprogress.co/issue/why-skyscrapers-are-so-short/,architecture,"2022-07-09"
200,"40 literary terms you should know",http://centeredlibrarian.blogspot.com/2011/05/40-literary-terms-you-should-know.html,english,"2022-07-09"
201,"Visually stunning math concepts which are easy to explain",https://math.stackexchange.com/questions/733754/visually-stunning-math-concepts-which-are-easy-to-explain,mathematics,"2022-07-09"
202,"A Time-Series Analysis of my Girlfriends Mood Swings",https://jabde.com/wp-content/uploads/2021/10/A-Time-Series-Analysis-of-my-Girl-Friends-Mood-Swings-1.pdf,life,"2022-07-09"
203,"Ultimate Meaning: We Don‚Äôt Have It, We Can‚Äôt Get It, and We Should Be Very, Very Sad",https://journalofcontroversialideas.org/article/1/1/132,life,"2022-07-09"
204,"The food timeline: food history research service",https://foodtimeline.org/,food,"2022-07-09"
205,"High-resolution image of Rembrandt‚Äôs Night Watch (5 micron sampling resolution, 717 gigapixels)",https://hyper-resolution.org/Nightwatch5,art,"2022-07-09"
206,"Spatial Interfaces",https://darkblueheaven.com/spatialinterfaces/,design,"2022-07-09"
207,"Unusual Danish words",https://finnaarupnielsen.wordpress.com/2022/01/07/unusual-danish-words/,language,"2022-07-09"
208,"The Devil at 37,000 Feet",https://archive.vanityfair.com/article/2009/1/the-devil-at-37000-feet,essay,"2022-07-09"
209,"How Hidden Technology Transformed Bowling",https://www.youtube.com/watch?v=aFPJf-wKTd0,technology,"2022-07-09"
210,"Ten Years of Logging My Life",https://chaidarun.com/ten-years-of-logging-my-life,life,"2022-07-09"
211,"My productivity app is a never-ending .txt file",https://jeffhuang.com/productivity_text_file/,work,"2022-07-14"
212,"The Economy",https://www.core-econ.org/the-economy/,economics,"2022-07-14"
213,"Lessons from my PhD",https://austinhenley.com/blog/lessonsfrommyphd.html,work,"2022-07-14"
214,"List of startups/companies that had successful pivots",https://github.com/fikrikarim/companies-with-successful-pivot,business,"2022-07-14"
215,"The Mythology of Red Bull",https://www.readthegeneralist.com/briefing/red-bull,business,"2022-07-14"
216,"Why should I use dental floss?",https://www.nhs.uk/common-health-questions/dental-health/why-should-i-use-dental-floss/,health,"2022-07-14"
217,"Estimating the number of awkward toilet encounters created by Professor Hulk's heroic snap [Avengers: Endgame]",https://www.reddit.com/r/marvelstudios/comments/sxbtfz/estimating_the_number_of_awkward_toilet/,movies,"2022-07-14"
218,"Every mass shooting in the US ‚Äì a visual database",https://www.theguardian.com/us-news/ng-interactive/2021/may/27/us-mass-shootings-database,US,"2022-07-14"
219,"Design Tip: Never Use Black",https://ianstormtaylor.com/design-tip-never-use-black/,design,"2022-07-14"
220,"Almost Everything in ‚ÄúDr. Strangelove‚Äù Was True",https://www.newyorker.com/news/news-desk/almost-everything-in-dr-strangelove-was-true,movies,"2022-07-14"
221,"Passport to the Pub: The Tourist‚Äôs Guide to Pub Etiquette",http://www.sirc.org/publik/passport.pdf,UK,"2022-07-14"
222,"Merlin's Wisdom Project",https://gist.github.com/merlinmann/09af1df28d76ba028b0999f66945fd61,life,"2022-07-14"
223,"Things you're doing but don't want to be doing",https://dynomight.net/paths/,life,"2022-07-14"
224,"Tips for work-life balance",https://matt.might.net/articles/work-life-balance/,work,"2022-07-14"
225,"Travel hacks",https://matt.might.net/articles/travel-hacks/,travel,"2022-07-14"
226,"Productivity tips, tricks and hacks for academics (2015 edition)",https://matt.might.net/articles/productivity-tips-hints-hacks-tricks-for-grad-students-academics/,work,"2022-07-14"
227,"Least resistance weight loss",https://matt.might.net/articles/least-resistance-weight-loss/,health,"2022-07-14"
228,"Tube trivia and facts",https://madeby.tfl.gov.uk/2019/07/29/tube-trivia-and-facts/,UK,"2022-07-14"
229,"When SimCity got serious: the story of Maxis Business Simulations and SimRefinery",https://obscuritory.com/sim/when-simcity-got-serious/,games,"2022-07-14"
230,"The Art of Linear Algebra ‚Äì Graphic Notes on ‚ÄúLinear Algebra for Everyone‚Äù",https://raw.githubusercontent.com/kenjihiranabe/The-Art-of-Linear-Algebra/main/The-Art-of-Linear-Algebra.pdf,mathematics,"2022-07-22"
231,"Writing matters",https://janfeld.weebly.com/uploads/1/1/8/9/118933153/writing_matters.pdf,writing,"2022-07-24"
232,"Wikitrivia",https://wikitrivia.tomjwatson.com/,games,"2022-07-24"
233,"GPS",https://ciechanow.ski/gps/,technology,"2022-07-24"
234,"Canterbury ‚Äì Best Things to See ‚Äì City Walk & History Canterbury, England",https://www.youtube.com/watch?v=y22jCbxEBVM,UK,"2022-07-24"
235,"Peep Show ‚Äì The Most Realistic Portrayal of Evil Ever Made",https://mattlakeman.org/2020/01/22/peep-show-the-most-realistic-portrayal-of-evil-ive-ever-seen/,tv,"2022-07-24"
236,"Food Packaging",https://www.scanofthemonth.com/scans/food-packaging,technology,"2022-07-24"
237,"Why does the üìà Chart Increasing emoji show in red?",https://blog.emojipedia.org/why-does-the-chart-increasing-emoji-show-in-red/,design,"2022-07-24"
238,"The Humble Brilliance of Italy‚Äôs Moka Coffee Pot",https://www.atlasobscura.com/articles/make-coffee-moka-pot,technology,"2022-07-24"
239,"lon lat lon lat",https://macwright.com/lonlat/,programming,"2022-07-24"
240,"Game theory in popular culture",https://www.gametheory.net/popular/,economics,"2022-07-24"
241,"Career Advice Nobody Gave Me: Never Ignore a Recruiter",https://index.medium.com/career-advice-nobody-gave-me-never-ignore-a-recruiter-4474eac9556,work,"2022-07-24"
242,"A modern home",https://johnnyrodgers.is/building-a-modern-home,architecture,"2022-07-24"
243,"Civilisation (1969) | Kenneth Clark",https://www.youtube.com/playlist?list=PLw1dGa3bvXdV1hpzs_B5Ai7iB0cFs6a3w,history,"2022-07-24"
244,"The Where's Waldo Legacy",https://www.youtube.com/watch?v=_Kpfe1k6CuM,art,"2022-07-24"
245,"The Sad Bastard Cookbook",https://traumbooks.itch.io/the-sad-bastard-cookbook,food,"2023-08-07"
246,"The Fat Gold Guide to Extra Virgin Olive Oil",https://fat.gold/guide/,food,"2022-07-25"
247,"Be anonymous",https://kg.dev/thoughts/be-anonymous,privacy,"2022-07-25"
248,"Introduction to Pawn Endgames | Principles of Chess Endgames | GM Naroditsky",https://www.youtube.com/watch?v=QUqq7wSLE78,chess,"2022-07-25"
249,"Chesses",https://pippinbarr.com/chesses/,chess,"2022-07-25"
250,"103 Bits of Advice I Wish I Had Known",https://kk.org/thetechnium/103-bits-of-advice-i-wish-i-had-known/,life,"2022-07-25"
251,"False Psychology Glossary",https://replicationindex.com/2022/02/13/false-psychology-glossary/,psychology,"2022-07-25"
252,"Statistical Analysis of the Elo Rating System in Chess",https://doi.org/10.1080/09332480.2020.1820249,chess,"2022-07-25"
253,"Digital vs. Practical Shots in MAD MAX: FURY ROAD | TIFF 2022",https://www.youtube.com/watch?v=exK_fVmY8Jk,movies,"2022-07-25"
254,"Do Yourself a Favor and Go Find a ‚ÄòThird Place‚Äô",https://www.theatlantic.com/family/archive/2022/04/third-places-meet-new-people-pandemic/629468/,life,"2022-07-25"
255,"Personal list of interesting climate change & sustainability links",https://github.com/timothyclifford/planet-earth,climate,"2022-07-25"
256,"I should have loved biology",https://jsomers.net/i-should-have-loved-biology/,biology,"2022-07-25"
257,"Duolingo: Tips and Notes from English",https://duome.eu/tips/en,english,"2022-07-25"
258,"Common Errors in English Usage",https://brians.wsu.edu/common-errors/,english,"2022-07-25"
259,"Systematically Improving Espresso: Insights from Mathematical Modeling and Experiment",https://doi.org/10.1016/j.matt.2019.12.019,food,"2022-07-25"
260,"Write Well",https://www.julian.com/guide/write/intro,writing,"2022-07-25"
261,"Starting a Startup",https://www.julian.com/guide/startup/intro,business,"2022-07-25"
262,"Build Muscle",https://www.julian.com/guide/muscle/intro,health,"2022-07-25"
263,"How I Learned French in 12 Months",https://runwes.com/2020/02/11/howilearnedfrench.html,language,"2022-07-25"
264,"How to Slice a Bagel into Two Linked Halves",http://www.georgehart.com/bagel/bagel.html,mathematics,"2022-07-25"
265,"English Style Guide: A handbook for authors and translators in the European Commission",https://ec.europa.eu/info/sites/default/files/styleguide_english_dgt_en.pdf,english,"2022-07-25"
266,"So You Want to Study Mathematics‚Ä¶",https://www.susanrigetti.com/math,mathematics,"2022-07-25"
267,"List of unusual biological names",https://en.wikipedia.org/wiki/List_of_unusual_biological_names,biology,"2022-07-25"
268,"How I learned to stop worrying and structure all writing as a list",https://dynomight.net/lists/,writing,"2022-07-25"
269,"Matrix Multiplication",http://matrixmultiplication.xyz/,mathematics,"2022-07-27"
270,"Think about Equity",https://foundersatwork.posthaven.com/think-about-equity,business,"2022-07-29"
271,"The Mathematics of 2048: Optimal Play with Markov Decision Processes",https://jdlm.info/articles/2018/03/18/markov-decision-process-2048.html,mathematics,"2022-07-29"
272,"The Psychology of Design",https://growth.design/psychology,design,"2022-07-29"
273,"How I learned to suck less at Chess",https://www.bargava.com/blog/suck-less-at-chess/,chess,"2022-07-29"
274,"From 1400 to 2000 in Blitz on Chess.com - A 10¬Ω Year Journey",https://saychess.substack.com/p/from-1400-to-2000-in-blitz-on-chesscom,chess,"2022-07-29"
275,"15 rules for blogging, and my current streak",https://interconnected.org/home/2020/09/10/streak,writing,"2022-07-29"
276,"Suez Crisis 1956 (All Parts)",https://www.youtube.com/watch?v=lLvqZ1ufLwk,Egypt,"2022-07-29"
277,"How I put my whole life into a single database",https://krausefx.com//blog/how-i-put-my-whole-life-into-a-single-database,life,"2022-07-29"
278,"Urban Dictionary List",https://github.com/mattbierner/urban-dictionary-word-list,language,"2022-07-29"
279,"What Dinner Will Look Like in the Next 100 Years, According to Scientists (and Sci-Fi Authors)",https://www.bonappetit.com/story/plates-of-the-future,food,"2022-07-30"
280,"Mechanical Watch",https://ciechanow.ski/mechanical-watch/,technology,"2022-07-30"
281,"The Best",https://dcurt.is/the-best,life,"2022-07-30"
282,"The Hitchhiker‚Äôs Guide to Online Anonymity",https://anonymousplanet-ng.org/,privacy,"2022-07-30"
283,"Rules for Conferences",https://milan.cvitkovic.net/writing/rules_for_conferences/,work,"2022-07-30"
284,"The 666 greatest novels of all time",http://www.editoreric.com/greatlit/greatest-novels.html,books,"2022-07-30"
285,"50 Tongue Twisters to improve pronunciation in English",https://www.engvid.com/english-resource/50-tongue-twisters-improve-pronunciation/,english,"2022-07-30"
286,"Some apps recommendations that will improve your solo travels",https://www.reddit.com/r/solotravel/comments/ui9qss/some_apps_recommendations_that_will_improve_your/,travel,"2022-07-30"
287,"FBI Guide to Internet Slang",https://archive.org/details/FBIGuideToInternetSlang/,language,"2022-07-30"
288,"Understanding Mathematics",https://www.math.utah.edu/~alfeld/math.html,mathematics,"2022-07-30"
289,"List of unsolved problems in economics",https://en.wikipedia.org/wiki/List_of_unsolved_problems_in_economics,economics,"2022-07-30"
290,"Awesome Digital Nomads",https://github.com/cbovis/awesome-digital-nomads,travel,"2022-07-30"
291,"An Apology for Roger Ebert",https://www.youtube.com/watch?v=cvZhRin-plA,games,"2022-07-30"
292,"A map of cognitive biases in decision making",https://bias.visual-literacy.org/,psychology,"2022-07-30"
293,"Donald Knuth on work habits, problem solving, and happiness",https://shuvomoy.github.io/blogs/posts/Knuth-on-work-habits-and-problem-solving-and-happiness/,work,"2022-07-30"
294,"The Fitness Wiki",https://thefitness.wiki/,health,"2022-07-30"
295,"A history of punctuation",https://aeon.co/essays/beside-the-point-punctuation-is-dead-long-live-punctuation,writing,"2022-07-30"
296,"The Complicated Evolutionary History of Spicy Chili Peppers",https://sitn.hms.harvard.edu/flash/2012/issue131b/,food,"2022-07-30"
297,"Thinking in Bets: How to Make Decisions Like a Poker Player",https://fronterablog.com/thinking-in-bets/,reasoning,"2022-07-30"
298,"How to Walk (12 miles a day)",https://walkingtheworld.substack.com/p/how-to-walk-12-miles-a-day,transport,"2022-08-05"
299,"The Philosophy of Linear Algebra",https://sigfyg.medium.com/the-philosophy-of-linear-algebra-ac2d9ce14619,mathematics,"2022-08-05"
300,"The Serious Eats Guide to Shopping for Asian Noodles",https://www.seriouseats.com/asian-noodle-shopping-guide,food,"2022-08-05"
301,"Writing one sentence per line",https://sive.rs/1s,writing,"2022-08-05"
302,"My 40-liter backpack travel guide",https://vitalik.ca/general/2022/06/20/backpack.html,travel,"2022-08-05"
303,"‚ÄòAnnie Hall‚Äô: One of the Last Beautiful American Films of the Pre-Blockbuster Era",https://cinephiliabeyond.org/annie-hall-one-last-beautiful-american-films-pre-blockbuster-era/,movies,"2022-08-05"
304,"Music Theory for the 21st-Century Classroom",https://musictheory.pugetsound.edu/mt21c/,music,"2022-08-05"
305,"The Kitchen Starter Kit: Essential Tools for Every Cook",https://www.seriouseats.com/basic-starter-kitchen-equipment,food,"2022-08-06"
306,"Wi-Fine",https://wifine.gitlab.io/,privacy,"2022-08-06"
307,"Elements of Programming",http://elementsofprogramming.com/,programming,"2022-08-17"
308,"An interactive guide to color & contrast",https://colorandcontrast.com/,design,"2022-08-17"
309,"Mathematics for Machine Learning",https://sebastianraschka.com/resources/math-for-ml/,mathematics,"2022-08-20"
310,"Visual Sum of Cubes",https://x.st/visual-sum-of-cubes/,mathematics,"2022-08-21"
311,"Plausibly Exogenous Galore",https://www.notion.so/1a897b8106ca44eeaf31dcd5ae5a61b1?v=ff7dc75862c6427eb4243e91836e077e,economics,"2022-08-29"
312,"Soccermatics",https://soccermatics.readthedocs.io/,sport,"2022-09-06"
313,"Curated list of valuable salary negotiation advice",https://github.com/petermekhaeil/salary-negotiating,work,"2022-09-11"
314,"How to Develop Good Taste, Pt. 1",https://dieworkwear.com/2022/08/26/how-to-develop-good-taste-pt-1/,fashion,"2022-09-15"
315,"How to Develop Good Taste, Pt. 2",https://dieworkwear.com/2022/09/14/how-to-develop-good-taste-pt-2/,fashion,"2022-09-15"
316,"How to Develop Good Taste, Pt. 3",https://dieworkwear.com/2022/09/23/how-to-develop-good-taste-pt-3/,fashion,"2022-09-27"
317,"Changes from academia to industry",https://russellwarne.com/2022/09/25/changes-from-academia-to-industry/,work,"2022-09-27"
318,"Mathematical Surprises",https://link.springer.com/book/10.1007/978-3-031-13566-8,mathematics,"2022-10-01"
319,"Sound",https://ciechanow.ski/sound/,physics,"2022-10-19"
320,"The Geometry Junkyard",https://www.ics.uci.edu/~eppstein/junkyard/,mathematics,"2022-10-20"
321,"A tour of The UK and Ireland in accents",https://www.youtube.com/watch?v=-8mzWkuOxz8,UK,"2022-10-21"
322,"Use RSS for privacy and efficiency",https://rsapkf.org/weblog/q2z,privacy,"2022-11-05"
323,"Notes on Saudi¬†Arabia",https://mattlakeman.org/2022/11/22/notes-on-saudi-arabia/,SaudiArabia,"2022-11-22"
324,"Mental Models: The Best Way to Make Intelligent Decisions (~100 Models Explained)",https://fs.blog/mental-models/,reasoning,"2022-12-03"
325,"Recommendations for Japan travel",https://www.kalzumeus.com/japan-recommendations/,Japan,"2022-12-04"
326,"Top 100 Places To Visit in Europe",https://www.youtube.com/watch?v=IQzfprW0Yl0,travel,"2022-12-11"
327,"The Sartorialist",https://www.thesartorialist.com/,fashion,"2022-12-11"
328,"104 Mesmerizing Mosque Ceilings That Highlight The Wonders Of Islamic Architecture",https://www.boredpanda.com/mosque-ceilings/,architecture,"2023-01-04"
329,"The Economics Of | WSJ",https://www.youtube.com/playlist?list=PLqQNt9DP_BNBKa8ss5ROk2wLYl9JUdeYS,economics,"2023-01-07"
330,"The Art of LaTeX: Common Mistakes, and Advice for Typesetting Beautiful, Delightful Proofs",https://fanpu.io/blog/2023/latex-tips/,latex,"2023-01-08"
331,"Life Stats",https://neal.fun/life-stats/,life,"2023-01-15"
332,"Algebra Rules for Arithmetic",http://algebrarules.com/,mathematics,"2023-01-15"
333,"Famous Cases & Criminals - FBI",https://www.fbi.gov/history/famous-cases,history,"2023-01-20"
334,"Closer to Johannes Vermeer",https://www.rijksmuseum.nl/en/johannes-vermeer,art,"2023-01-21"
335,"Ain't it funny how the knight moves?",https://www.funnyhowtheknightmoves.com/,chess,"2023-01-22"
336,"Interactive Cancer Risk Matrix",https://www.wcrf.org/diet-activity-and-cancer/interactive-cancer-risk-matrix/,health,"2023-01-22"
337,"Yale Courses (European History)",https://www.youtube.com/playlist?list=PLp-cIkvQ88-1_nvZZ2-i5j90J3llXJl1o,history,"2023-01-31"
338,"The 100 Best Children‚Äôs Books of All Time",https://time.com/100-best-childrens-books/,books,"2023-02-08"
339,"Assessing Game Balance with AlphaZero: Exploring Alternative Rule Sets in Chess",https://arxiv.org/abs/2009.04374,chess,"2023-02-11"
340,"Different types of Pizza and toppings",https://www.pizzarecipe.org/different-types-of-pizza/,food,"2023-02-12"
341,"Amsterdam Coffeeshop Directory",https://www.coffeeshopdirect.com/,Netherlands,"2023-02-19"
342,"The 100 greatest non-fiction books",https://www.theguardian.com/books/2011/jun/14/100-greatest-non-fiction-books,books,"2023-02-22"
343,"GrimGrains",https://grimgrains.com/site/home.html,food,"2023-02-22"
344,"An Intuitive Guide To Exponential Functions & e",https://betterexplained.com/articles/an-intuitive-guide-to-exponential-functions-e/,mathematics,"2023-02-23"
345,"Captivating History",https://www.youtube.com/@CaptivatingHistory/videos,history,"2023-02-26"
346,"100 Tips For A Better Life",https://ideopunk.com/blog/tipsforabetterlife,life,"2022-02-28"
347,"Practical Tips from Years of Traveling The World",https://www.legalnomads.com/tips-world-travel/,travel,"2023-03-01"
348,"What is Chess? What to think and how long for",https://www.alexcrompton.com/blog/time-thoughts-chess,chess,"2023-03-01"
349,"Opening Principles",https://www.danheisman.com/opening-principles.html,chess,"2023-03-01"
350,"The A to Z of economics",https://www.economist.com/economics-a-to-z,economics,"2023-03-02"
351,"The Economics of Seinfeld",http://yadayadayadaecon.com/,economics,"2023-03-05"
352,"UX Case Studies",https://growth.design/case-studies,design,"2023-03-08"
353,"NOS Nieuws van de Week",https://www.youtube.com/nosnieuwsvandeweek,Netherlands,"2023-03-09"
354,"A data-driven exploration of the evolution of chess: Popularity of openings over time",https://randalolson.com/2014/05/26/a-data-driven-exploration-of-the-evolution-of-chess-popularity-of-openings/,chess,"2023-03-11"
355,"Why I Hope to Die at 75",https://www.theatlantic.com/magazine/archive/2014/10/why-i-hope-to-die-at-75/379329/,life,"2023-03-13"
356,"En dash, em dash and hyphen; what‚Äôs the difference? (also ndash and mdash, or n-dash and m-dash)",https://www.punctuationmatters.com/en-dash-em-dash-hyphen/,writing,"2023-03-13"
357,"SMK OPEN",https://open.smk.dk/en/,art,"2023-03-17"
358,"Taxes in the Netherlands: a guide to the Dutch tax system",https://www.expatica.com/nl/finance/taxes/netherlands-tax-system-103981/,Netherlands,"2023-03-19"
359,"How to Eat Street Food Without Getting Sick",https://www.legalnomads.com/street-food/,food,"2023-03-28"
360,"A Visual Look at 2 Million Chess Games",https://blog.ebemunk.com/a-visual-look-at-2-million-chess-games/,chess,"2023-03-29"
361,"Awesome Economics",https://github.com/antontarasenko/awesome-economics,economics,"2023-03-29"
362,"The age of average",https://www.alexmurrell.co.uk/articles/the-age-of-average,essay,"2023-03-31"
363,"Vernacular Economics: How Building Codes & Taxes Shape Regional Architecture",https://99percentinvisible.org/article/vernacular-economics-building-codes-taxes-shape-regional-architecture/,architecture,"2023-04-06"
364,"Old Maps and Books - thehunthouse",https://www.maps.thehunthouse.com/,UK,"2023-04-07"
365,"Effective Spaced Repetition",https://borretti.me/article/effective-spaced-repetition,knowledge,"2023-04-11"
366,"How to Get Good at Chess, Fast: A simple, step-by-step guide to rapid chess improvement",https://www.gautamnarula.com/how-to-get-good-at-chess-fast/,chess,"2023-04-14"
367,"Why books don ºt work",https://andymatuschak.org/books/,books,"2023-04-17"
368,"The Analog Antiquarian",https://analog-antiquarian.net/2019/01/09/table-of-contents/,history,"2023-04-20"
369,"A beginner‚Äôs guide to modern classical music",https://lukemuehlhauser.com/how-to-fall-in-love-with-modern-classical-music-4/,music,"2023-04-21"
370,"Stretch 15",https://stretch15.com/,health,"2023-04-21"
371,"The Shape of Rome",https://www.exurbe.com/the-shape-of-rome/,Italy,"2023-04-29"
372,"Notes on Nigeria",https://mattlakeman.org/2023/05/09/notes-on-nigeria/,Nigeria,"2023-05-10"
373,"All About Berlin",https://allaboutberlin.com/,Germany,"2023-05-17"
374,"Everything You Always Wanted To Know About Mathematics",https://www.math.cmu.edu/~jmackey/151_128/bws_book.pdf,mathematics,"2023-05-26"
375,"Pricing Money: A Beginner‚Äôs Guide to Money. Bonds, Futures and Swaps",http://www.jdawiseman.com/books/pricing-money/Pricing_Money_JDAWiseman.html,economics,"2023-06-18"
376,"150 Most Legendary Restaurants in the World & Their Iconic Dishes",https://www.tasteatlas.com/iconic-dishes-legendary-restaurants,food,"2023-06-30"
377,"Common Bugs in Writing",https://www.cs.columbia.edu/~hgs/etc/writing-bugs.html,writing,"2023-07-03"
378,"Common Errors in Technical Writing",https://www.ece.ucdavis.edu/~jowens/commonerrors.html,writing,"2023-07-03"
379,"Recipe Websites Master List",https://github.com/smeckledorfed/Recipes-Master-List,food,"2023-07-30"
380,"Matrices and graphs",https://thepalindrome.org/p/matrices-and-graphs,mathematics,"2023-07-30"
381,"So You Want to Study Philosophy‚Ä¶",https://www.susanrigetti.com/philosophy,knowledge,"2023-07-31"
382,"The Case Against Travel",https://www.newyorker.com/culture/the-weekend-essay/the-case-against-travel,travel,"2023-07-31"
383,"Rhyme Theory",https://blog.chaselambda.com/2022/05/07/rhyme-theory.html,music,"2023-08-10"
384,"The Studies Show Podcast",https://www.thestudiesshowpod.com/,podcast,"2023-08-10"
385,"List of photographs considered the most important",https://en.wikipedia.org/wiki/List_of_photographs_considered_the_most_important,history,"2023-08-12"
386,"Ten thousand ways to use chopsticks",https://marcosticks.org/ten-thousand-ways/,food,"2023-08-12"
387,"Protecting yourself from phone theft",https://codebutler.notion.site/codebutler/Protecting-yourself-from-phone-theft-480acc843e1f462c8f353ffaa14a42ae,privacy,"2023-08-12"
388,"Living without a smartphone: The definitive guide",https://insanelyfree.substack.com/p/living-without-a-smartphone-the-definitive,privacy,"2023-08-12"
389,"One Day You'll Find Yourself",https://www.onedayyoullfindyourself.com/,life,"2023-08-12"
390,"What Makes Music Sound Good?",https://dmitri.mycpanel.princeton.edu/files/pdfs/MUS105handouts.pdf,music,"2023-08-14"
391,"A Quickstart Guide to Privacy",https://www.hai.haus/blog/privacy-quickstart-2023.html,privacy,"2023-08-14"
392,"The Princeton Companion to Mathematics",https://sites.math.rutgers.edu/~zeilberg/akherim/PCM.pdf,mathematics,"2023-08-17"
393,"In This Essay I Will: On Distraction",https://www.theparisreview.org/blog/2023/08/23/in-this-essay-i-will-on-distraction/,essay,"2023-08-27"
394,"Conversations with Tyler",https://conversationswithtyler.com/,podcast,"2023-09-07"
395,"EconTalk",https://www.econtalk.org/,podcast,"2023-09-07"
396,"How I stay reasonably anonymous online",https://tmp.bearblog.dev/how-i-stay-reasonably-anonymous-online/,privacy,"2023-09-16"
397,"Version Museum: A visual history of your favorite technology",https://www.versionmuseum.com/,technology,"2023-10-19"
398,"Internet Artifacts",https://neal.fun/internet-artifacts/,technology,"2023-10-27"
399,"Canon of the Netherlands",https://www.canonvannederland.nl/en/,Netherlands,"2023-10-31"
400,"Recursive Recipes",https://recursiverecipes.schollz.com/,food,"2023-11-11"
401,"The Best Way To Do Exercises",https://zwischenzug.substack.com/p/the-best-way-to-do-exercises,chess,"2023-11-11"
402,"Card Game Rules",https://www.pagat.com/,games,"2024-02-04"
403,"Guide to onboarding in a new job",https://www.alexmolas.com/2024/01/18/onboarding.html,work,"2024-02-04"
404,"Writing Well",https://github.com/soodoku/on-writing/,writing,"2024-02-04"
405,"Notes on Azerbaijan: Part I",https://avrasya.substack.com/p/notes-on-azerbaijan-part-i,Azerbaijan,"2024-03-03"
406,"How to Taste Whisky the Right Way",https://www.seriouseats.com/whisky-tasting-glasses-7693391,food,"2024-04-06"
407,"Explain that Stuff",https://www.explainthatstuff.com/,technology,"2024-05-04"
408,"The History of Tetris World Records",https://www.youtube.com/watch?v=mOJlg8g8_yw,games,"2024-05-18"
409,"Mario meets Pareto",https://www.mayerowitz.io/blog/mario-meets-pareto,games,"2024-05-18"
410,"Privacy is sexy",https://privacy.sexy/,privacy,"2024-06-23"
411,"Brutal birth",https://insidestory.org.au/brutal-birth/,Indonesia,"2024-06-25"
412,"Obvious travel advice",https://dynomight.net/travel/,travel,"2024-06-26"
413,"The Mind is a Metaphor",http://metaphors.iath.virginia.edu/metaphors,english,"2024-07-01"
414,"Why Is Chile So Long?",https://unchartedterritories.tomaspueyo.com/p/why-is-chile-so-long,Chile,"2024-07-09"
415,"D-Day Map",https://dday.nmrn.org.uk/,history,"2024-07-12"
416,"25 Fascinating Facts about Mexico",https://unchartedterritories.tomaspueyo.com/p/25-fascinating-facts-about-mexico,Mexico,"2024-07-24"
417,"Santorini Travel Guide",https://santorinidave.com/#santorini-guide,Greece,"2024-08-21"
418,"Linear Algebra Done Right",https://linear.axler.net/,mathematics,"2024-09-01"
419,"Econoclass: Resources for Economics Teachers",http://econoclass.com/,economics,"2024-09-10"
420,"63 Chinese Cuisines: the Complete Guide",https://chinesecookingdemystified.substack.com/p/63-chinese-cuisines-the-complete,China,"2024-11-21"
